split	stem	image_path	annotation_path
train	0000074_07297_d_0000014	/home/wangzhe/DroneP_VG/experiment/exp16_attn_bigmlp_20260422/data/VisDroneSplit100/VisDrone2019-DET-train/images/0000074_07297_d_0000014.jpg	/home/wangzhe/DroneP_VG/experiment/exp16_attn_bigmlp_20260422/data/VisDroneSplit100/VisDrone2019-DET-train/annotations/0000074_07297_d_0000014.txt
train	0000074_08777_d_0000017	/home/wangzhe/DroneP_VG/experiment/exp16_attn_bigmlp_20260422/data/VisDroneSplit100/VisDrone2019-DET-train/images/0000074_08777_d_0000017.jpg	/home/wangzhe/DroneP_VG/experiment/exp16_attn_bigmlp_20260422/data/VisDroneSplit100/VisDrone2019-DET-train/annotations/0000074_08777_d_0000017.txt
train	0000087_00700_d_0000003	/home/wangzhe/DroneP_VG/experiment/exp16_attn_bigmlp_20260422/data/VisDroneSplit100/VisDrone2019-DET-train/images/0000087_00700_d_0000003.jpg	/home/wangzhe/DroneP_VG/experiment/exp16_attn_bigmlp_20260422/data/VisDroneSplit100/VisDrone2019-DET-train/annotations/0000087_00700_d_0000003.txt
train	0000105_02201_d_0000071	/home/wangzhe/DroneP_VG/experiment/exp16_attn_bigmlp_20260422/data/VisDroneSplit100/VisDrone2019-DET-train/images/0000105_02201_d_0000071.jpg	/home/wangzhe/DroneP_VG/experiment/exp16_attn_bigmlp_20260422/data/VisDroneSplit100/VisDrone2019-DET-train/annotations/0000105_02201_d_0000071.txt
train	0000259_01000_d_0000003	/home/wangzhe/DroneP_VG/experiment/exp16_attn_bigmlp_20260422/data/VisDroneSplit100/VisDrone2019-DET-train/images/0000259_01000_d_0000003.jpg	/home/wangzhe/DroneP_VG/experiment/exp16_attn_bigmlp_20260422/data/VisDroneSplit100/VisDrone2019-DET-train/annotations/0000259_01000_d_0000003.txt
train	0000259_03500_d_0000008	/home/wangzhe/DroneP_VG/experiment/exp16_attn_bigmlp_20260422/data/VisDroneSplit100/VisDrone2019-DET-train/images/0000259_03500_d_0000008.jpg	/home/wangzhe/DroneP_VG/experiment/exp16_attn_bigmlp_20260422/data/VisDroneSplit100/VisDrone2019-DET-train/annotations/0000259_03500_d_0000008.txt
train	0000272_04000_d_0000009	/home/wangzhe/DroneP_VG/experiment/exp16_attn_bigmlp_20260422/data/VisDroneSplit100/VisDrone2019-DET-train/images/0000272_04000_d_0000009.jpg	/home/wangzhe/DroneP_VG/experiment/exp16_attn_bigmlp_20260422/data/VisDroneSplit100/VisDrone2019-DET-train/annotations/0000272_04000_d_0000009.txt
train	0000272_05000_d_0000011	/home/wangzhe/DroneP_VG/experiment/exp16_attn_bigmlp_20260422/data/VisDroneSplit100/VisDrone2019-DET-train/images/0000272_05000_d_0000011.jpg	/home/wangzhe/DroneP_VG/experiment/exp16_attn_bigmlp_20260422/data/VisDroneSplit100/VisDrone2019-DET-train/annotations/0000272_05000_d_0000011.txt
train	0000314_00000_d_0000142	/home/wangzhe/DroneP_VG/experiment/exp16_attn_bigmlp_20260422/data/VisDroneSplit100/VisDrone2019-DET-train/images/0000314_00000_d_0000142.jpg	/home/wangzhe/DroneP_VG/experiment/exp16_attn_bigmlp_20260422/data/VisDroneSplit100/VisDrone2019-DET-train/annotations/0000314_00000_d_0000142.txt
train	0000321_00000_d_0000015	/home/wangzhe/DroneP_VG/experiment/exp16_attn_bigmlp_20260422/data/VisDroneSplit100/VisDrone2019-DET-train/images/0000321_00000_d_0000015.jpg	/home/wangzhe/DroneP_VG/experiment/exp16_attn_bigmlp_20260422/data/VisDroneSplit100/VisDrone2019-DET-train/annotations/0000321_00000_d_0000015.txt
train	0000328_00300_d_0000020	/home/wangzhe/DroneP_VG/experiment/exp16_attn_bigmlp_20260422/data/VisDroneSplit100/VisDrone2019-DET-train/images/0000328_00300_d_0000020.jpg	/home/wangzhe/DroneP_VG/experiment/exp16_attn_bigmlp_20260422/data/VisDroneSplit100/VisDrone2019-DET-train/annotations/0000328_00300_d_0000020.txt
train	9999938_00000_d_0000005	/home/wangzhe/DroneP_VG/experiment/exp16_attn_bigmlp_20260422/data/VisDroneSplit100/VisDrone2019-DET-train/images/9999938_00000_d_0000005.jpg	/home/wangzhe/DroneP_VG/experiment/exp16_attn_bigmlp_20260422/data/VisDroneSplit100/VisDrone2019-DET-train/annotations/9999938_00000_d_0000005.txt
train	9999938_00000_d_0000035	/home/wangzhe/DroneP_VG/experiment/exp16_attn_bigmlp_20260422/data/VisDroneSplit100/VisDrone2019-DET-train/images/9999938_00000_d_0000035.jpg	/home/wangzhe/DroneP_VG/experiment/exp16_attn_bigmlp_20260422/data/VisDroneSplit100/VisDrone2019-DET-train/annotations/9999938_00000_d_0000035.txt
train	9999938_00000_d_0000068	/home/wangzhe/DroneP_VG/experiment/exp16_attn_bigmlp_20260422/data/VisDroneSplit100/VisDrone2019-DET-train/images/9999938_00000_d_0000068.jpg	/home/wangzhe/DroneP_VG/experiment/exp16_attn_bigmlp_20260422/data/VisDroneSplit100/VisDrone2019-DET-train/annotations/9999938_00000_d_0000068.txt
train	9999938_00000_d_0000076	/home/wangzhe/DroneP_VG/experiment/exp16_attn_bigmlp_20260422/data/VisDroneSplit100/VisDrone2019-DET-train/images/9999938_00000_d_0000076.jpg	/home/wangzhe/DroneP_VG/experiment/exp16_attn_bigmlp_20260422/data/VisDroneSplit100/VisDrone2019-DET-train/annotations/9999938_00000_d_0000076.txt
train	9999938_00000_d_0000083	/home/wangzhe/DroneP_VG/experiment/exp16_attn_bigmlp_20260422/data/VisDroneSplit100/VisDrone2019-DET-train/images/9999938_00000_d_0000083.jpg	/home/wangzhe/DroneP_VG/experiment/exp16_attn_bigmlp_20260422/data/VisDroneSplit100/VisDrone2019-DET-train/annotations/9999938_00000_d_0000083.txt
train	9999938_00000_d_0000084	/home/wangzhe/DroneP_VG/experiment/exp16_attn_bigmlp_20260422/data/VisDroneSplit100/VisDrone2019-DET-train/images/9999938_00000_d_0000084.jpg	/home/wangzhe/DroneP_VG/experiment/exp16_attn_bigmlp_20260422/data/VisDroneSplit100/VisDrone2019-DET-train/annotations/9999938_00000_d_0000084.txt
train	9999938_00000_d_0000100	/home/wangzhe/DroneP_VG/experiment/exp16_attn_bigmlp_20260422/data/VisDroneSplit100/VisDrone2019-DET-train/images/9999938_00000_d_0000100.jpg	/home/wangzhe/DroneP_VG/experiment/exp16_attn_bigmlp_20260422/data/VisDroneSplit100/VisDrone2019-DET-train/annotations/9999938_00000_d_0000100.txt
train	9999938_00000_d_0000157	/home/wangzhe/DroneP_VG/experiment/exp16_attn_bigmlp_20260422/data/VisDroneSplit100/VisDrone2019-DET-train/images/9999938_00000_d_0000157.jpg	/home/wangzhe/DroneP_VG/experiment/exp16_attn_bigmlp_20260422/data/VisDroneSplit100/VisDrone2019-DET-train/annotations/9999938_00000_d_0000157.txt
train	9999938_00000_d_0000199	/home/wangzhe/DroneP_VG/experiment/exp16_attn_bigmlp_20260422/data/VisDroneSplit100/VisDrone2019-DET-train/images/9999938_00000_d_0000199.jpg	/home/wangzhe/DroneP_VG/experiment/exp16_attn_bigmlp_20260422/data/VisDroneSplit100/VisDrone2019-DET-train/annotations/9999938_00000_d_0000199.txt
train	9999938_00000_d_0000207	/home/wangzhe/DroneP_VG/experiment/exp16_attn_bigmlp_20260422/data/VisDroneSplit100/VisDrone2019-DET-train/images/9999938_00000_d_0000207.jpg	/home/wangzhe/DroneP_VG/experiment/exp16_attn_bigmlp_20260422/data/VisDroneSplit100/VisDrone2019-DET-train/annotations/9999938_00000_d_0000207.txt
train	9999938_00000_d_0000216	/home/wangzhe/DroneP_VG/experiment/exp16_attn_bigmlp_20260422/data/VisDroneSplit100/VisDrone2019-DET-train/images/9999938_00000_d_0000216.jpg	/home/wangzhe/DroneP_VG/experiment/exp16_attn_bigmlp_20260422/data/VisDroneSplit100/VisDrone2019-DET-train/annotations/9999938_00000_d_0000216.txt
train	9999938_00000_d_0000226	/home/wangzhe/DroneP_VG/experiment/exp16_attn_bigmlp_20260422/data/VisDroneSplit100/VisDrone2019-DET-train/images/9999938_00000_d_0000226.jpg	/home/wangzhe/DroneP_VG/experiment/exp16_attn_bigmlp_20260422/data/VisDroneSplit100/VisDrone2019-DET-train/annotations/9999938_00000_d_0000226.txt
train	9999938_00000_d_0000291	/home/wangzhe/DroneP_VG/experiment/exp16_attn_bigmlp_20260422/data/VisDroneSplit100/VisDrone2019-DET-train/images/9999938_00000_d_0000291.jpg	/home/wangzhe/DroneP_VG/experiment/exp16_attn_bigmlp_20260422/data/VisDroneSplit100/VisDrone2019-DET-train/annotations/9999938_00000_d_0000291.txt
train	9999938_00000_d_0000296	/home/wangzhe/DroneP_VG/experiment/exp16_attn_bigmlp_20260422/data/VisDroneSplit100/VisDrone2019-DET-train/images/9999938_00000_d_0000296.jpg	/home/wangzhe/DroneP_VG/experiment/exp16_attn_bigmlp_20260422/data/VisDroneSplit100/VisDrone2019-DET-train/annotations/9999938_00000_d_0000296.txt
train	9999938_00000_d_0000302	/home/wangzhe/DroneP_VG/experiment/exp16_attn_bigmlp_20260422/data/VisDroneSplit100/VisDrone2019-DET-train/images/9999938_00000_d_0000302.jpg	/home/wangzhe/DroneP_VG/experiment/exp16_attn_bigmlp_20260422/data/VisDroneSplit100/VisDrone2019-DET-train/annotations/9999938_00000_d_0000302.txt
train	9999938_00000_d_0000313	/home/wangzhe/DroneP_VG/experiment/exp16_attn_bigmlp_20260422/data/VisDroneSplit100/VisDrone2019-DET-train/images/9999938_00000_d_0000313.jpg	/home/wangzhe/DroneP_VG/experiment/exp16_attn_bigmlp_20260422/data/VisDroneSplit100/VisDrone2019-DET-train/annotations/9999938_00000_d_0000313.txt
train	9999938_00000_d_0000319	/home/wangzhe/DroneP_VG/experiment/exp16_attn_bigmlp_20260422/data/VisDroneSplit100/VisDrone2019-DET-train/images/9999938_00000_d_0000319.jpg	/home/wangzhe/DroneP_VG/experiment/exp16_attn_bigmlp_20260422/data/VisDroneSplit100/VisDrone2019-DET-train/annotations/9999938_00000_d_0000319.txt
train	9999938_00000_d_0000342	/home/wangzhe/DroneP_VG/experiment/exp16_attn_bigmlp_20260422/data/VisDroneSplit100/VisDrone2019-DET-train/images/9999938_00000_d_0000342.jpg	/home/wangzhe/DroneP_VG/experiment/exp16_attn_bigmlp_20260422/data/VisDroneSplit100/VisDrone2019-DET-train/annotations/9999938_00000_d_0000342.txt
train	9999938_00000_d_0000350	/home/wangzhe/DroneP_VG/experiment/exp16_attn_bigmlp_20260422/data/VisDroneSplit100/VisDrone2019-DET-train/images/9999938_00000_d_0000350.jpg	/home/wangzhe/DroneP_VG/experiment/exp16_attn_bigmlp_20260422/data/VisDroneSplit100/VisDrone2019-DET-train/annotations/9999938_00000_d_0000350.txt
train	9999938_00000_d_0000439	/home/wangzhe/DroneP_VG/experiment/exp16_attn_bigmlp_20260422/data/VisDroneSplit100/VisDrone2019-DET-train/images/9999938_00000_d_0000439.jpg	/home/wangzhe/DroneP_VG/experiment/exp16_attn_bigmlp_20260422/data/VisDroneSplit100/VisDrone2019-DET-train/annotations/9999938_00000_d_0000439.txt
train	9999938_00000_d_0000446	/home/wangzhe/DroneP_VG/experiment/exp16_attn_bigmlp_20260422/data/VisDroneSplit100/VisDrone2019-DET-train/images/9999938_00000_d_0000446.jpg	/home/wangzhe/DroneP_VG/experiment/exp16_attn_bigmlp_20260422/data/VisDroneSplit100/VisDrone2019-DET-train/annotations/9999938_00000_d_0000446.txt
train	9999938_00000_d_0000454	/home/wangzhe/DroneP_VG/experiment/exp16_attn_bigmlp_20260422/data/VisDroneSplit100/VisDrone2019-DET-train/images/9999938_00000_d_0000454.jpg	/home/wangzhe/DroneP_VG/experiment/exp16_attn_bigmlp_20260422/data/VisDroneSplit100/VisDrone2019-DET-train/annotations/9999938_00000_d_0000454.txt
train	9999938_00000_d_0000477	/home/wangzhe/DroneP_VG/experiment/exp16_attn_bigmlp_20260422/data/VisDroneSplit100/VisDrone2019-DET-train/images/9999938_00000_d_0000477.jpg	/home/wangzhe/DroneP_VG/experiment/exp16_attn_bigmlp_20260422/data/VisDroneSplit100/VisDrone2019-DET-train/annotations/9999938_00000_d_0000477.txt
train	9999938_00000_d_0000485	/home/wangzhe/DroneP_VG/experiment/exp16_attn_bigmlp_20260422/data/VisDroneSplit100/VisDrone2019-DET-train/images/9999938_00000_d_0000485.jpg	/home/wangzhe/DroneP_VG/experiment/exp16_attn_bigmlp_20260422/data/VisDroneSplit100/VisDrone2019-DET-train/annotations/9999938_00000_d_0000485.txt
train	9999938_00000_d_0000490	/home/wangzhe/DroneP_VG/experiment/exp16_attn_bigmlp_20260422/data/VisDroneSplit100/VisDrone2019-DET-train/images/9999938_00000_d_0000490.jpg	/home/wangzhe/DroneP_VG/experiment/exp16_attn_bigmlp_20260422/data/VisDroneSplit100/VisDrone2019-DET-train/annotations/9999938_00000_d_0000490.txt
train	9999938_00000_d_0000497	/home/wangzhe/DroneP_VG/experiment/exp16_attn_bigmlp_20260422/data/VisDroneSplit100/VisDrone2019-DET-train/images/9999938_00000_d_0000497.jpg	/home/wangzhe/DroneP_VG/experiment/exp16_attn_bigmlp_20260422/data/VisDroneSplit100/VisDrone2019-DET-train/annotations/9999938_00000_d_0000497.txt
train	9999938_00000_d_0000508	/home/wangzhe/DroneP_VG/experiment/exp16_attn_bigmlp_20260422/data/VisDroneSplit100/VisDrone2019-DET-train/images/9999938_00000_d_0000508.jpg	/home/wangzhe/DroneP_VG/experiment/exp16_attn_bigmlp_20260422/data/VisDroneSplit100/VisDrone2019-DET-train/annotations/9999938_00000_d_0000508.txt
train	9999941_00000_d_0000009	/home/wangzhe/DroneP_VG/experiment/exp16_attn_bigmlp_20260422/data/VisDroneSplit100/VisDrone2019-DET-train/images/9999941_00000_d_0000009.jpg	/home/wangzhe/DroneP_VG/experiment/exp16_attn_bigmlp_20260422/data/VisDroneSplit100/VisDrone2019-DET-train/annotations/9999941_00000_d_0000009.txt
train	9999941_00000_d_0000011	/home/wangzhe/DroneP_VG/experiment/exp16_attn_bigmlp_20260422/data/VisDroneSplit100/VisDrone2019-DET-train/images/9999941_00000_d_0000011.jpg	/home/wangzhe/DroneP_VG/experiment/exp16_attn_bigmlp_20260422/data/VisDroneSplit100/VisDrone2019-DET-train/annotations/9999941_00000_d_0000011.txt
train	9999952_00000_d_0000032	/home/wangzhe/DroneP_VG/experiment/exp16_attn_bigmlp_20260422/data/VisDroneSplit100/VisDrone2019-DET-train/images/9999952_00000_d_0000032.jpg	/home/wangzhe/DroneP_VG/experiment/exp16_attn_bigmlp_20260422/data/VisDroneSplit100/VisDrone2019-DET-train/annotations/9999952_00000_d_0000032.txt
train	9999952_00000_d_0000033	/home/wangzhe/DroneP_VG/experiment/exp16_attn_bigmlp_20260422/data/VisDroneSplit100/VisDrone2019-DET-train/images/9999952_00000_d_0000033.jpg	/home/wangzhe/DroneP_VG/experiment/exp16_attn_bigmlp_20260422/data/VisDroneSplit100/VisDrone2019-DET-train/annotations/9999952_00000_d_0000033.txt
train	9999952_00000_d_0000096	/home/wangzhe/DroneP_VG/experiment/exp16_attn_bigmlp_20260422/data/VisDroneSplit100/VisDrone2019-DET-train/images/9999952_00000_d_0000096.jpg	/home/wangzhe/DroneP_VG/experiment/exp16_attn_bigmlp_20260422/data/VisDroneSplit100/VisDrone2019-DET-train/annotations/9999952_00000_d_0000096.txt
train	9999952_00000_d_0000108	/home/wangzhe/DroneP_VG/experiment/exp16_attn_bigmlp_20260422/data/VisDroneSplit100/VisDrone2019-DET-train/images/9999952_00000_d_0000108.jpg	/home/wangzhe/DroneP_VG/experiment/exp16_attn_bigmlp_20260422/data/VisDroneSplit100/VisDrone2019-DET-train/annotations/9999952_00000_d_0000108.txt
train	9999952_00000_d_0000114	/home/wangzhe/DroneP_VG/experiment/exp16_attn_bigmlp_20260422/data/VisDroneSplit100/VisDrone2019-DET-train/images/9999952_00000_d_0000114.jpg	/home/wangzhe/DroneP_VG/experiment/exp16_attn_bigmlp_20260422/data/VisDroneSplit100/VisDrone2019-DET-train/annotations/9999952_00000_d_0000114.txt
train	9999952_00000_d_0000202	/home/wangzhe/DroneP_VG/experiment/exp16_attn_bigmlp_20260422/data/VisDroneSplit100/VisDrone2019-DET-train/images/9999952_00000_d_0000202.jpg	/home/wangzhe/DroneP_VG/experiment/exp16_attn_bigmlp_20260422/data/VisDroneSplit100/VisDrone2019-DET-train/annotations/9999952_00000_d_0000202.txt
train	9999952_00000_d_0000261	/home/wangzhe/DroneP_VG/experiment/exp16_attn_bigmlp_20260422/data/VisDroneSplit100/VisDrone2019-DET-train/images/9999952_00000_d_0000261.jpg	/home/wangzhe/DroneP_VG/experiment/exp16_attn_bigmlp_20260422/data/VisDroneSplit100/VisDrone2019-DET-train/annotations/9999952_00000_d_0000261.txt
train	9999952_00000_d_0000266	/home/wangzhe/DroneP_VG/experiment/exp16_attn_bigmlp_20260422/data/VisDroneSplit100/VisDrone2019-DET-train/images/9999952_00000_d_0000266.jpg	/home/wangzhe/DroneP_VG/experiment/exp16_attn_bigmlp_20260422/data/VisDroneSplit100/VisDrone2019-DET-train/annotations/9999952_00000_d_0000266.txt
train	9999952_00000_d_0000298	/home/wangzhe/DroneP_VG/experiment/exp16_attn_bigmlp_20260422/data/VisDroneSplit100/VisDrone2019-DET-train/images/9999952_00000_d_0000298.jpg	/home/wangzhe/DroneP_VG/experiment/exp16_attn_bigmlp_20260422/data/VisDroneSplit100/VisDrone2019-DET-train/annotations/9999952_00000_d_0000298.txt
train	9999952_00000_d_0000308	/home/wangzhe/DroneP_VG/experiment/exp16_attn_bigmlp_20260422/data/VisDroneSplit100/VisDrone2019-DET-train/images/9999952_00000_d_0000308.jpg	/home/wangzhe/DroneP_VG/experiment/exp16_attn_bigmlp_20260422/data/VisDroneSplit100/VisDrone2019-DET-train/annotations/9999952_00000_d_0000308.txt
train	9999952_00000_d_0000317	/home/wangzhe/DroneP_VG/experiment/exp16_attn_bigmlp_20260422/data/VisDroneSplit100/VisDrone2019-DET-train/images/9999952_00000_d_0000317.jpg	/home/wangzhe/DroneP_VG/experiment/exp16_attn_bigmlp_20260422/data/VisDroneSplit100/VisDrone2019-DET-train/annotations/9999952_00000_d_0000317.txt
train	9999963_00000_d_0000005	/home/wangzhe/DroneP_VG/experiment/exp16_attn_bigmlp_20260422/data/VisDroneSplit100/VisDrone2019-DET-train/images/9999963_00000_d_0000005.jpg	/home/wangzhe/DroneP_VG/experiment/exp16_attn_bigmlp_20260422/data/VisDroneSplit100/VisDrone2019-DET-train/annotations/9999963_00000_d_0000005.txt
train	9999963_00000_d_0000032	/home/wangzhe/DroneP_VG/experiment/exp16_attn_bigmlp_20260422/data/VisDroneSplit100/VisDrone2019-DET-train/images/9999963_00000_d_0000032.jpg	/home/wangzhe/DroneP_VG/experiment/exp16_attn_bigmlp_20260422/data/VisDroneSplit100/VisDrone2019-DET-train/annotations/9999963_00000_d_0000032.txt
train	9999963_00000_d_0000059	/home/wangzhe/DroneP_VG/experiment/exp16_attn_bigmlp_20260422/data/VisDroneSplit100/VisDrone2019-DET-train/images/9999963_00000_d_0000059.jpg	/home/wangzhe/DroneP_VG/experiment/exp16_attn_bigmlp_20260422/data/VisDroneSplit100/VisDrone2019-DET-train/annotations/9999963_00000_d_0000059.txt
train	9999963_00000_d_0000070	/home/wangzhe/DroneP_VG/experiment/exp16_attn_bigmlp_20260422/data/VisDroneSplit100/VisDrone2019-DET-train/images/9999963_00000_d_0000070.jpg	/home/wangzhe/DroneP_VG/experiment/exp16_attn_bigmlp_20260422/data/VisDroneSplit100/VisDrone2019-DET-train/annotations/9999963_00000_d_0000070.txt
train	9999973_00000_d_0000012	/home/wangzhe/DroneP_VG/experiment/exp16_attn_bigmlp_20260422/data/VisDroneSplit100/VisDrone2019-DET-train/images/9999973_00000_d_0000012.jpg	/home/wangzhe/DroneP_VG/experiment/exp16_attn_bigmlp_20260422/data/VisDroneSplit100/VisDrone2019-DET-train/annotations/9999973_00000_d_0000012.txt
train	9999973_00000_d_0000046	/home/wangzhe/DroneP_VG/experiment/exp16_attn_bigmlp_20260422/data/VisDroneSplit100/VisDrone2019-DET-train/images/9999973_00000_d_0000046.jpg	/home/wangzhe/DroneP_VG/experiment/exp16_attn_bigmlp_20260422/data/VisDroneSplit100/VisDrone2019-DET-train/annotations/9999973_00000_d_0000046.txt
train	9999973_00000_d_0000055	/home/wangzhe/DroneP_VG/experiment/exp16_attn_bigmlp_20260422/data/VisDroneSplit100/VisDrone2019-DET-train/images/9999973_00000_d_0000055.jpg	/home/wangzhe/DroneP_VG/experiment/exp16_attn_bigmlp_20260422/data/VisDroneSplit100/VisDrone2019-DET-train/annotations/9999973_00000_d_0000055.txt
train	9999973_00000_d_0000056	/home/wangzhe/DroneP_VG/experiment/exp16_attn_bigmlp_20260422/data/VisDroneSplit100/VisDrone2019-DET-train/images/9999973_00000_d_0000056.jpg	/home/wangzhe/DroneP_VG/experiment/exp16_attn_bigmlp_20260422/data/VisDroneSplit100/VisDrone2019-DET-train/annotations/9999973_00000_d_0000056.txt
train	9999973_00000_d_0000073	/home/wangzhe/DroneP_VG/experiment/exp16_attn_bigmlp_20260422/data/VisDroneSplit100/VisDrone2019-DET-train/images/9999973_00000_d_0000073.jpg	/home/wangzhe/DroneP_VG/experiment/exp16_attn_bigmlp_20260422/data/VisDroneSplit100/VisDrone2019-DET-train/annotations/9999973_00000_d_0000073.txt
train	9999973_00000_d_0000100	/home/wangzhe/DroneP_VG/experiment/exp16_attn_bigmlp_20260422/data/VisDroneSplit100/VisDrone2019-DET-train/images/9999973_00000_d_0000100.jpg	/home/wangzhe/DroneP_VG/experiment/exp16_attn_bigmlp_20260422/data/VisDroneSplit100/VisDrone2019-DET-train/annotations/9999973_00000_d_0000100.txt
train	9999973_00000_d_0000118	/home/wangzhe/DroneP_VG/experiment/exp16_attn_bigmlp_20260422/data/VisDroneSplit100/VisDrone2019-DET-train/images/9999973_00000_d_0000118.jpg	/home/wangzhe/DroneP_VG/experiment/exp16_attn_bigmlp_20260422/data/VisDroneSplit100/VisDrone2019-DET-train/annotations/9999973_00000_d_0000118.txt
train	9999973_00000_d_0000145	/home/wangzhe/DroneP_VG/experiment/exp16_attn_bigmlp_20260422/data/VisDroneSplit100/VisDrone2019-DET-train/images/9999973_00000_d_0000145.jpg	/home/wangzhe/DroneP_VG/experiment/exp16_attn_bigmlp_20260422/data/VisDroneSplit100/VisDrone2019-DET-train/annotations/9999973_00000_d_0000145.txt
train	9999976_00000_d_0000024	/home/wangzhe/DroneP_VG/experiment/exp16_attn_bigmlp_20260422/data/VisDroneSplit100/VisDrone2019-DET-train/images/9999976_00000_d_0000024.jpg	/home/wangzhe/DroneP_VG/experiment/exp16_attn_bigmlp_20260422/data/VisDroneSplit100/VisDrone2019-DET-train/annotations/9999976_00000_d_0000024.txt
train	9999979_00000_d_0000003	/home/wangzhe/DroneP_VG/experiment/exp16_attn_bigmlp_20260422/data/VisDroneSplit100/VisDrone2019-DET-train/images/9999979_00000_d_0000003.jpg	/home/wangzhe/DroneP_VG/experiment/exp16_attn_bigmlp_20260422/data/VisDroneSplit100/VisDrone2019-DET-train/annotations/9999979_00000_d_0000003.txt
train	9999979_00000_d_0000027	/home/wangzhe/DroneP_VG/experiment/exp16_attn_bigmlp_20260422/data/VisDroneSplit100/VisDrone2019-DET-train/images/9999979_00000_d_0000027.jpg	/home/wangzhe/DroneP_VG/experiment/exp16_attn_bigmlp_20260422/data/VisDroneSplit100/VisDrone2019-DET-train/annotations/9999979_00000_d_0000027.txt
train	9999980_00000_d_0000001	/home/wangzhe/DroneP_VG/experiment/exp16_attn_bigmlp_20260422/data/VisDroneSplit100/VisDrone2019-DET-train/images/9999980_00000_d_0000001.jpg	/home/wangzhe/DroneP_VG/experiment/exp16_attn_bigmlp_20260422/data/VisDroneSplit100/VisDrone2019-DET-train/annotations/9999980_00000_d_0000001.txt
train	9999986_00000_d_0000021	/home/wangzhe/DroneP_VG/experiment/exp16_attn_bigmlp_20260422/data/VisDroneSplit100/VisDrone2019-DET-train/images/9999986_00000_d_0000021.jpg	/home/wangzhe/DroneP_VG/experiment/exp16_attn_bigmlp_20260422/data/VisDroneSplit100/VisDrone2019-DET-train/annotations/9999986_00000_d_0000021.txt
train	9999993_00000_d_0000008	/home/wangzhe/DroneP_VG/experiment/exp16_attn_bigmlp_20260422/data/VisDroneSplit100/VisDrone2019-DET-train/images/9999993_00000_d_0000008.jpg	/home/wangzhe/DroneP_VG/experiment/exp16_attn_bigmlp_20260422/data/VisDroneSplit100/VisDrone2019-DET-train/annotations/9999993_00000_d_0000008.txt
train	9999996_00000_d_0000004	/home/wangzhe/DroneP_VG/experiment/exp16_attn_bigmlp_20260422/data/VisDroneSplit100/VisDrone2019-DET-train/images/9999996_00000_d_0000004.jpg	/home/wangzhe/DroneP_VG/experiment/exp16_attn_bigmlp_20260422/data/VisDroneSplit100/VisDrone2019-DET-train/annotations/9999996_00000_d_0000004.txt
val	0000006_06773_d_0000018	/home/wangzhe/DroneP_VG/experiment/exp16_attn_bigmlp_20260422/data/VisDroneSplit100/VisDrone2019-DET-val/images/0000006_06773_d_0000018.jpg	/home/wangzhe/DroneP_VG/experiment/exp16_attn_bigmlp_20260422/data/VisDroneSplit100/VisDrone2019-DET-val/annotations/0000006_06773_d_0000018.txt
val	9999938_00000_d_0000143	/home/wangzhe/DroneP_VG/experiment/exp16_attn_bigmlp_20260422/data/VisDroneSplit100/VisDrone2019-DET-val/images/9999938_00000_d_0000143.jpg	/home/wangzhe/DroneP_VG/experiment/exp16_attn_bigmlp_20260422/data/VisDroneSplit100/VisDrone2019-DET-val/annotations/9999938_00000_d_0000143.txt
val	9999938_00000_d_0000179	/home/wangzhe/DroneP_VG/experiment/exp16_attn_bigmlp_20260422/data/VisDroneSplit100/VisDrone2019-DET-val/images/9999938_00000_d_0000179.jpg	/home/wangzhe/DroneP_VG/experiment/exp16_attn_bigmlp_20260422/data/VisDroneSplit100/VisDrone2019-DET-val/annotations/9999938_00000_d_0000179.txt
val	9999938_00000_d_0000197	/home/wangzhe/DroneP_VG/experiment/exp16_attn_bigmlp_20260422/data/VisDroneSplit100/VisDrone2019-DET-val/images/9999938_00000_d_0000197.jpg	/home/wangzhe/DroneP_VG/experiment/exp16_attn_bigmlp_20260422/data/VisDroneSplit100/VisDrone2019-DET-val/annotations/9999938_00000_d_0000197.txt
val	9999941_00000_d_0000012	/home/wangzhe/DroneP_VG/experiment/exp16_attn_bigmlp_20260422/data/VisDroneSplit100/VisDrone2019-DET-val/images/9999941_00000_d_0000012.jpg	/home/wangzhe/DroneP_VG/experiment/exp16_attn_bigmlp_20260422/data/VisDroneSplit100/VisDrone2019-DET-val/annotations/9999941_00000_d_0000012.txt
val	9999952_00000_d_0000087	/home/wangzhe/DroneP_VG/experiment/exp16_attn_bigmlp_20260422/data/VisDroneSplit100/VisDrone2019-DET-val/images/9999952_00000_d_0000087.jpg	/home/wangzhe/DroneP_VG/experiment/exp16_attn_bigmlp_20260422/data/VisDroneSplit100/VisDrone2019-DET-val/annotations/9999952_00000_d_0000087.txt
val	9999952_00000_d_0000284	/home/wangzhe/DroneP_VG/experiment/exp16_attn_bigmlp_20260422/data/VisDroneSplit100/VisDrone2019-DET-val/images/9999952_00000_d_0000284.jpg	/home/wangzhe/DroneP_VG/experiment/exp16_attn_bigmlp_20260422/data/VisDroneSplit100/VisDrone2019-DET-val/annotations/9999952_00000_d_0000284.txt
val	9999963_00000_d_0000055	/home/wangzhe/DroneP_VG/experiment/exp16_attn_bigmlp_20260422/data/VisDroneSplit100/VisDrone2019-DET-val/images/9999963_00000_d_0000055.jpg	/home/wangzhe/DroneP_VG/experiment/exp16_attn_bigmlp_20260422/data/VisDroneSplit100/VisDrone2019-DET-val/annotations/9999963_00000_d_0000055.txt
val	9999973_00000_d_0000047	/home/wangzhe/DroneP_VG/experiment/exp16_attn_bigmlp_20260422/data/VisDroneSplit100/VisDrone2019-DET-val/images/9999973_00000_d_0000047.jpg	/home/wangzhe/DroneP_VG/experiment/exp16_attn_bigmlp_20260422/data/VisDroneSplit100/VisDrone2019-DET-val/annotations/9999973_00000_d_0000047.txt
val	9999973_00000_d_0000131	/home/wangzhe/DroneP_VG/experiment/exp16_attn_bigmlp_20260422/data/VisDroneSplit100/VisDrone2019-DET-val/images/9999973_00000_d_0000131.jpg	/home/wangzhe/DroneP_VG/experiment/exp16_attn_bigmlp_20260422/data/VisDroneSplit100/VisDrone2019-DET-val/annotations/9999973_00000_d_0000131.txt
val	9999976_00000_d_0000031	/home/wangzhe/DroneP_VG/experiment/exp16_attn_bigmlp_20260422/data/VisDroneSplit100/VisDrone2019-DET-val/images/9999976_00000_d_0000031.jpg	/home/wangzhe/DroneP_VG/experiment/exp16_attn_bigmlp_20260422/data/VisDroneSplit100/VisDrone2019-DET-val/annotations/9999976_00000_d_0000031.txt
val	9999976_00000_d_0000032	/home/wangzhe/DroneP_VG/experiment/exp16_attn_bigmlp_20260422/data/VisDroneSplit100/VisDrone2019-DET-val/images/9999976_00000_d_0000032.jpg	/home/wangzhe/DroneP_VG/experiment/exp16_attn_bigmlp_20260422/data/VisDroneSplit100/VisDrone2019-DET-val/annotations/9999976_00000_d_0000032.txt
val	9999980_00000_d_0000002	/home/wangzhe/DroneP_VG/experiment/exp16_attn_bigmlp_20260422/data/VisDroneSplit100/VisDrone2019-DET-val/images/9999980_00000_d_0000002.jpg	/home/wangzhe/DroneP_VG/experiment/exp16_attn_bigmlp_20260422/data/VisDroneSplit100/VisDrone2019-DET-val/annotations/9999980_00000_d_0000002.txt
val	9999986_00000_d_0000019	/home/wangzhe/DroneP_VG/experiment/exp16_attn_bigmlp_20260422/data/VisDroneSplit100/VisDrone2019-DET-val/images/9999986_00000_d_0000019.jpg	/home/wangzhe/DroneP_VG/experiment/exp16_attn_bigmlp_20260422/data/VisDroneSplit100/VisDrone2019-DET-val/annotations/9999986_00000_d_0000019.txt
val	9999986_00000_d_0000057	/home/wangzhe/DroneP_VG/experiment/exp16_attn_bigmlp_20260422/data/VisDroneSplit100/VisDrone2019-DET-val/images/9999986_00000_d_0000057.jpg	/home/wangzhe/DroneP_VG/experiment/exp16_attn_bigmlp_20260422/data/VisDroneSplit100/VisDrone2019-DET-val/annotations/9999986_00000_d_0000057.txt
test	0000074_13313_d_0000026	/home/wangzhe/DroneP_VG/experiment/exp16_attn_bigmlp_20260422/data/VisDroneSplit100/VisDrone2019-DET-test/images/0000074_13313_d_0000026.jpg	/home/wangzhe/DroneP_VG/experiment/exp16_attn_bigmlp_20260422/data/VisDroneSplit100/VisDrone2019-DET-test/annotations/0000074_13313_d_0000026.txt
test	0000074_15793_d_0000031	/home/wangzhe/DroneP_VG/experiment/exp16_attn_bigmlp_20260422/data/VisDroneSplit100/VisDrone2019-DET-test/images/0000074_15793_d_0000031.jpg	/home/wangzhe/DroneP_VG/experiment/exp16_attn_bigmlp_20260422/data/VisDroneSplit100/VisDrone2019-DET-test/annotations/0000074_15793_d_0000031.txt
test	0000299_03500_d_0000104	/home/wangzhe/DroneP_VG/experiment/exp16_attn_bigmlp_20260422/data/VisDroneSplit100/VisDrone2019-DET-test/images/0000299_03500_d_0000104.jpg	/home/wangzhe/DroneP_VG/experiment/exp16_attn_bigmlp_20260422/data/VisDroneSplit100/VisDrone2019-DET-test/annotations/0000299_03500_d_0000104.txt
test	0000314_01000_d_0000144	/home/wangzhe/DroneP_VG/experiment/exp16_attn_bigmlp_20260422/data/VisDroneSplit100/VisDrone2019-DET-test/images/0000314_01000_d_0000144.jpg	/home/wangzhe/DroneP_VG/experiment/exp16_attn_bigmlp_20260422/data/VisDroneSplit100/VisDrone2019-DET-test/annotations/0000314_01000_d_0000144.txt
test	0000320_00750_d_0000007	/home/wangzhe/DroneP_VG/experiment/exp16_attn_bigmlp_20260422/data/VisDroneSplit100/VisDrone2019-DET-test/images/0000320_00750_d_0000007.jpg	/home/wangzhe/DroneP_VG/experiment/exp16_attn_bigmlp_20260422/data/VisDroneSplit100/VisDrone2019-DET-test/annotations/0000320_00750_d_0000007.txt
test	0000353_00000_d_0000188	/home/wangzhe/DroneP_VG/experiment/exp16_attn_bigmlp_20260422/data/VisDroneSplit100/VisDrone2019-DET-test/images/0000353_00000_d_0000188.jpg	/home/wangzhe/DroneP_VG/experiment/exp16_attn_bigmlp_20260422/data/VisDroneSplit100/VisDrone2019-DET-test/annotations/0000353_00000_d_0000188.txt
test	9999938_00000_d_0000190	/home/wangzhe/DroneP_VG/experiment/exp16_attn_bigmlp_20260422/data/VisDroneSplit100/VisDrone2019-DET-test/images/9999938_00000_d_0000190.jpg	/home/wangzhe/DroneP_VG/experiment/exp16_attn_bigmlp_20260422/data/VisDroneSplit100/VisDrone2019-DET-test/annotations/9999938_00000_d_0000190.txt
test	9999938_00000_d_0000201	/home/wangzhe/DroneP_VG/experiment/exp16_attn_bigmlp_20260422/data/VisDroneSplit100/VisDrone2019-DET-test/images/9999938_00000_d_0000201.jpg	/home/wangzhe/DroneP_VG/experiment/exp16_attn_bigmlp_20260422/data/VisDroneSplit100/VisDrone2019-DET-test/annotations/9999938_00000_d_0000201.txt
test	9999938_00000_d_0000251	/home/wangzhe/DroneP_VG/experiment/exp16_attn_bigmlp_20260422/data/VisDroneSplit100/VisDrone2019-DET-test/images/9999938_00000_d_0000251.jpg	/home/wangzhe/DroneP_VG/experiment/exp16_attn_bigmlp_20260422/data/VisDroneSplit100/VisDrone2019-DET-test/annotations/9999938_00000_d_0000251.txt
test	9999952_00000_d_0000027	/home/wangzhe/DroneP_VG/experiment/exp16_attn_bigmlp_20260422/data/VisDroneSplit100/VisDrone2019-DET-test/images/9999952_00000_d_0000027.jpg	/home/wangzhe/DroneP_VG/experiment/exp16_attn_bigmlp_20260422/data/VisDroneSplit100/VisDrone2019-DET-test/annotations/9999952_00000_d_0000027.txt
test	9999963_00000_d_0000029	/home/wangzhe/DroneP_VG/experiment/exp16_attn_bigmlp_20260422/data/VisDroneSplit100/VisDrone2019-DET-test/images/9999963_00000_d_0000029.jpg	/home/wangzhe/DroneP_VG/experiment/exp16_attn_bigmlp_20260422/data/VisDroneSplit100/VisDrone2019-DET-test/annotations/9999963_00000_d_0000029.txt
test	9999973_00000_d_0000033	/home/wangzhe/DroneP_VG/experiment/exp16_attn_bigmlp_20260422/data/VisDroneSplit100/VisDrone2019-DET-test/images/9999973_00000_d_0000033.jpg	/home/wangzhe/DroneP_VG/experiment/exp16_attn_bigmlp_20260422/data/VisDroneSplit100/VisDrone2019-DET-test/annotations/9999973_00000_d_0000033.txt
test	9999973_00000_d_0000076	/home/wangzhe/DroneP_VG/experiment/exp16_attn_bigmlp_20260422/data/VisDroneSplit100/VisDrone2019-DET-test/images/9999973_00000_d_0000076.jpg	/home/wangzhe/DroneP_VG/experiment/exp16_attn_bigmlp_20260422/data/VisDroneSplit100/VisDrone2019-DET-test/annotations/9999973_00000_d_0000076.txt
test	9999976_00000_d_0000004	/home/wangzhe/DroneP_VG/experiment/exp16_attn_bigmlp_20260422/data/VisDroneSplit100/VisDrone2019-DET-test/images/9999976_00000_d_0000004.jpg	/home/wangzhe/DroneP_VG/experiment/exp16_attn_bigmlp_20260422/data/VisDroneSplit100/VisDrone2019-DET-test/annotations/9999976_00000_d_0000004.txt
test	9999986_00000_d_0000011	/home/wangzhe/DroneP_VG/experiment/exp16_attn_bigmlp_20260422/data/VisDroneSplit100/VisDrone2019-DET-test/images/9999986_00000_d_0000011.jpg	/home/wangzhe/DroneP_VG/experiment/exp16_attn_bigmlp_20260422/data/VisDroneSplit100/VisDrone2019-DET-test/annotations/9999986_00000_d_0000011.txt
